"","year","Description","Value"
"1","1949","Crude Oil Production, 48 States","5046.411"
"2","1950","Crude Oil Production, 48 States","5407.052"
"3","1951","Crude Oil Production, 48 States","6158.112"
"4","1952","Crude Oil Production, 48 States","6256.383"
"5","1953","Crude Oil Production, 48 States","6457.759"
"6","1954","Crude Oil Production, 48 States","6342.433"
"7","1955","Crude Oil Production, 48 States","6806.652"
"8","1956","Crude Oil Production, 48 States","7151.046"
"9","1957","Crude Oil Production, 48 States","7169.592"
"10","1958","Crude Oil Production, 48 States","6709.553"
"11","1959","Crude Oil Production, 48 States","7053.159"
"12","1960","Crude Oil Production, 48 States","7033.809"
"13","1961","Crude Oil Production, 48 States","7165.564"
"14","1962","Crude Oil Production, 48 States","7303.918"
"15","1963","Crude Oil Production, 48 States","7512.282"
"16","1964","Crude Oil Production, 48 States","7584.052"
"17","1965","Crude Oil Production, 48 States","7773.66"
"18","1966","Crude Oil Production, 48 States","8255.904"
"19","1967","Crude Oil Production, 48 States","8730.455"
"20","1968","Crude Oil Production, 48 States","8914.858"
"21","1969","Crude Oil Production, 48 States","9035.063"
"22","1970","Crude Oil Production, 48 States","9407.764"
"23","1971","Crude Oil Production, 48 States","9244.986"
"24","1972","Crude Oil Production, 48 States","9241.735"
"25","1973","Crude Oil Production, 48 States","9009.808"
"26","1974","Crude Oil Production, 48 States","8580.773"
"27","1975","Crude Oil Production, 48 States","8183.411"
"28","1976","Crude Oil Production, 48 States","7958.421"
"29","1977","Crude Oil Production, 48 States","7780.997"
"30","1978","Crude Oil Production, 48 States","7478.345"
"31","1979","Crude Oil Production, 48 States","7150.616"
"32","1980","Crude Oil Production, 48 States","6980.107"
"33","1981","Crude Oil Production, 48 States","6962.43"
"34","1982","Crude Oil Production, 48 States","6952.89"
"35","1983","Crude Oil Production, 48 States","6973.896"
"36","1984","Crude Oil Production, 48 States","7156.544"
"37","1985","Crude Oil Production, 48 States","7146.082"
"38","1986","Crude Oil Production, 48 States","6813.54"
"39","1987","Crude Oil Production, 48 States","6387.46"
"40","1988","Crude Oil Production, 48 States","6122.902"
"41","1989","Crude Oil Production, 48 States","5739.158"
"42","1990","Crude Oil Production, 48 States","5581.854"
"43","1991","Crude Oil Production, 48 States","5618.33"
"44","1992","Crude Oil Production, 48 States","5457.13"
"45","1993","Crude Oil Production, 48 States","5264.491"
"46","1994","Crude Oil Production, 48 States","5102.818"
"47","1995","Crude Oil Production, 48 States","5075.657"
"48","1996","Crude Oil Production, 48 States","5071.086"
"49","1997","Crude Oil Production, 48 States","5155.841"
"50","1998","Crude Oil Production, 48 States","5076.901"
"51","1999","Crude Oil Production, 48 States","4831.599"
"52","2000","Crude Oil Production, 48 States","4851.117"
"53","2001","Crude Oil Production, 48 States","4838.631"
"54","2002","Crude Oil Production, 48 States","4759.471"
"55","2003","Crude Oil Production, 48 States","4675.047"
"56","2004","Crude Oil Production, 48 States","4532.66"
"57","2005","Crude Oil Production, 48 States","4319.749"
"58","2006","Crude Oil Production, 48 States","4344.821"
"59","2007","Crude Oil Production, 48 States","4351.722"
"60","2008","Crude Oil Production, 48 States","4316.903"
"61","2009","Crude Oil Production, 48 States","4711.463"
"62","2010","Crude Oil Production, 48 States","4884.662"
"63","2011","Crude Oil Production, 48 States","5113.032"
"64","2012","Crude Oil Production, 48 States","5998.084"
"65","2013","Crude Oil Production, 48 States","6982.462"
"66","2014","Crude Oil Production, 48 States","8297.148"
"67","2015","Crude Oil Production, 48 States","8958.784"
"68","2016","Crude Oil Production, 48 States","8357.458"
"69","2017","Crude Oil Production, 48 States","8864.597"
"70","2018","Crude Oil Production, 48 States","10474.439"
"71","2019","Crude Oil Production, 48 States","11849.446"
"72","2020","Crude Oil Production, 48 States","10870.013"
"73","2021","Crude Oil Production, 48 States","10816.334"
"74","1949","Crude Oil Production, Alaska","0"
"75","1950","Crude Oil Production, Alaska","0"
"76","1951","Crude Oil Production, Alaska","0"
"77","1952","Crude Oil Production, Alaska","0"
"78","1953","Crude Oil Production, Alaska","0"
"79","1954","Crude Oil Production, Alaska","0"
"80","1955","Crude Oil Production, Alaska","0"
"81","1956","Crude Oil Production, Alaska","0"
"82","1957","Crude Oil Production, Alaska","0"
"83","1958","Crude Oil Production, Alaska","0"
"84","1959","Crude Oil Production, Alaska","0.512"
"85","1960","Crude Oil Production, Alaska","1.527"
"86","1961","Crude Oil Production, Alaska","17.334"
"87","1962","Crude Oil Production, Alaska","28.107"
"88","1963","Crude Oil Production, Alaska","29.425"
"89","1964","Crude Oil Production, Alaska","30.216"
"90","1965","Crude Oil Production, Alaska","30.488"
"91","1966","Crude Oil Production, Alaska","39.337"
"92","1967","Crude Oil Production, Alaska","79.797"
"93","1968","Crude Oil Production, Alaska","180.885"
"94","1969","Crude Oil Production, Alaska","202.611"
"95","1970","Crude Oil Production, Alaska","229.085"
"96","1971","Crude Oil Production, Alaska","217.792"
"97","1972","Crude Oil Production, Alaska","199.161"
"98","1973","Crude Oil Production, Alaska","198.145"
"99","1974","Crude Oil Production, Alaska","193.433"
"100","1975","Crude Oil Production, Alaska","191.326"
"101","1976","Crude Oil Production, Alaska","173.219"
"102","1977","Crude Oil Production, Alaska","463.564"
"103","1978","Crude Oil Production, Alaska","1229.096"
"104","1979","Crude Oil Production, Alaska","1400.918"
"105","1980","Crude Oil Production, Alaska","1616.519"
"106","1981","Crude Oil Production, Alaska","1609.142"
"107","1982","Crude Oil Production, Alaska","1695.644"
"108","1983","Crude Oil Production, Alaska","1713.773"
"109","1984","Crude Oil Production, Alaska","1722.407"
"110","1985","Crude Oil Production, Alaska","1825.296"
"111","1986","Crude Oil Production, Alaska","1866.603"
"112","1987","Crude Oil Production, Alaska","1961.518"
"113","1988","Crude Oil Production, Alaska","2016.787"
"114","1989","Crude Oil Production, Alaska","1873.919"
"115","1990","Crude Oil Production, Alaska","1773.453"
"116","1991","Crude Oil Production, Alaska","1798.216"
"117","1992","Crude Oil Production, Alaska","1713.995"
"118","1993","Crude Oil Production, Alaska","1582.174"
"119","1994","Crude Oil Production, Alaska","1558.761"
"120","1995","Crude Oil Production, Alaska","1483.983"
"121","1996","Crude Oil Production, Alaska","1393.44"
"122","1997","Crude Oil Production, Alaska","1295.751"
"123","1998","Crude Oil Production, Alaska","1174.932"
"124","1999","Crude Oil Production, Alaska","1049.859"
"125","2000","Crude Oil Production, Alaska","970.489"
"126","2001","Crude Oil Production, Alaska","962.77"
"127","2002","Crude Oil Production, Alaska","984.607"
"128","2003","Crude Oil Production, Alaska","974.253"
"129","2004","Crude Oil Production, Alaska","908.308"
"130","2005","Crude Oil Production, Alaska","864.074"
"131","2006","Crude Oil Production, Alaska","741.043"
"132","2007","Crude Oil Production, Alaska","722.179"
"133","2008","Crude Oil Production, Alaska","682.768"
"134","2009","Crude Oil Production, Alaska","645.233"
"135","2010","Crude Oil Production, Alaska","599.737"
"136","2011","Crude Oil Production, Alaska","561.175"
"137","2012","Crude Oil Production, Alaska","525.686"
"138","2013","Crude Oil Production, Alaska","514.857"
"139","2014","Crude Oil Production, Alaska","496.247"
"140","2015","Crude Oil Production, Alaska","482.818"
"141","2016","Crude Oil Production, Alaska","490.103"
"142","2017","Crude Oil Production, Alaska","494.65"
"143","2018","Crude Oil Production, Alaska","478.907"
"144","2019","Crude Oil Production, Alaska","465.609"
"145","2020","Crude Oil Production, Alaska","447.683"
"146","2021","Crude Oil Production, Alaska","437.323"
"147","1949","Crude Oil Production, Total","5046.411"
"148","1950","Crude Oil Production, Total","5407.052"
"149","1951","Crude Oil Production, Total","6158.112"
"150","1952","Crude Oil Production, Total","6256.383"
"151","1953","Crude Oil Production, Total","6457.759"
"152","1954","Crude Oil Production, Total","6342.433"
"153","1955","Crude Oil Production, Total","6806.652"
"154","1956","Crude Oil Production, Total","7151.046"
"155","1957","Crude Oil Production, Total","7169.592"
"156","1958","Crude Oil Production, Total","6709.553"
"157","1959","Crude Oil Production, Total","7053.671"
"158","1960","Crude Oil Production, Total","7035.336"
"159","1961","Crude Oil Production, Total","7182.899"
"160","1962","Crude Oil Production, Total","7332.025"
"161","1963","Crude Oil Production, Total","7541.707"
"162","1964","Crude Oil Production, Total","7614.268"
"163","1965","Crude Oil Production, Total","7804.148"
"164","1966","Crude Oil Production, Total","8295.241"
"165","1967","Crude Oil Production, Total","8810.252"
"166","1968","Crude Oil Production, Total","9095.743"
"167","1969","Crude Oil Production, Total","9237.674"
"168","1970","Crude Oil Production, Total","9636.849"
"169","1971","Crude Oil Production, Total","9462.778"
"170","1972","Crude Oil Production, Total","9440.896"
"171","1973","Crude Oil Production, Total","9207.953"
"172","1974","Crude Oil Production, Total","8774.205"
"173","1975","Crude Oil Production, Total","8374.737"
"174","1976","Crude Oil Production, Total","8131.639"
"175","1977","Crude Oil Production, Total","8244.562"
"176","1978","Crude Oil Production, Total","8707.441"
"177","1979","Crude Oil Production, Total","8551.534"
"178","1980","Crude Oil Production, Total","8596.626"
"179","1981","Crude Oil Production, Total","8571.573"
"180","1982","Crude Oil Production, Total","8648.534"
"181","1983","Crude Oil Production, Total","8687.668"
"182","1984","Crude Oil Production, Total","8878.951"
"183","1985","Crude Oil Production, Total","8971.378"
"184","1986","Crude Oil Production, Total","8680.142"
"185","1987","Crude Oil Production, Total","8348.978"
"186","1988","Crude Oil Production, Total","8139.689"
"187","1989","Crude Oil Production, Total","7613.077"
"188","1990","Crude Oil Production, Total","7355.307"
"189","1991","Crude Oil Production, Total","7416.545"
"190","1992","Crude Oil Production, Total","7171.125"
"191","1993","Crude Oil Production, Total","6846.665"
"192","1994","Crude Oil Production, Total","6661.579"
"193","1995","Crude Oil Production, Total","6559.638"
"194","1996","Crude Oil Production, Total","6464.527"
"195","1997","Crude Oil Production, Total","6451.592"
"196","1998","Crude Oil Production, Total","6251.833"
"197","1999","Crude Oil Production, Total","5881.458"
"198","2000","Crude Oil Production, Total","5821.604"
"199","2001","Crude Oil Production, Total","5801.401"
"200","2002","Crude Oil Production, Total","5744.078"
"201","2003","Crude Oil Production, Total","5649.3"
"202","2004","Crude Oil Production, Total","5440.968"
"203","2005","Crude Oil Production, Total","5183.822"
"204","2006","Crude Oil Production, Total","5085.864"
"205","2007","Crude Oil Production, Total","5073.9"
"206","2008","Crude Oil Production, Total","4999.671"
"207","2009","Crude Oil Production, Total","5356.696"
"208","2010","Crude Oil Production, Total","5484.399"
"209","2011","Crude Oil Production, Total","5674.207"
"210","2012","Crude Oil Production, Total","6523.771"
"211","2013","Crude Oil Production, Total","7497.319"
"212","2014","Crude Oil Production, Total","8793.395"
"213","2015","Crude Oil Production, Total","9441.602"
"214","2016","Crude Oil Production, Total","8847.561"
"215","2017","Crude Oil Production, Total","9359.247"
"216","2018","Crude Oil Production, Total","10953.346"
"217","2019","Crude Oil Production, Total","12315.055"
"218","2020","Crude Oil Production, Total","11317.696"
"219","2021","Crude Oil Production, Total","11253.657"
"220","1949","Natural Gas Liquids Production","430.373"
"221","1950","Natural Gas Liquids Production","498.523"
"222","1951","Natural Gas Liquids Production","560.97"
"223","1952","Natural Gas Liquids Production","610.697"
"224","1953","Natural Gas Liquids Production","653.641"
"225","1954","Natural Gas Liquids Production","690.775"
"226","1955","Natural Gas Liquids Production","770.879"
"227","1956","Natural Gas Liquids Production","799.801"
"228","1957","Natural Gas Liquids Production","808.192"
"229","1958","Natural Gas Liquids Production","807.532"
"230","1959","Natural Gas Liquids Production","878.786"
"231","1960","Natural Gas Liquids Production","929.391"
"232","1961","Natural Gas Liquids Production","990.929"
"233","1962","Natural Gas Liquids Production","1021.11"
"234","1963","Natural Gas Liquids Production","1098.318"
"235","1964","Natural Gas Liquids Production","1154.292"
"236","1965","Natural Gas Liquids Production","1209.742"
"237","1966","Natural Gas Liquids Production","1283.934"
"238","1967","Natural Gas Liquids Production","1409.466"
"239","1968","Natural Gas Liquids Production","1503.582"
"240","1969","Natural Gas Liquids Production","1589.701"
"241","1970","Natural Gas Liquids Production","1660.044"
"242","1971","Natural Gas Liquids Production","1692.644"
"243","1972","Natural Gas Liquids Production","1743.76"
"244","1973","Natural Gas Liquids Production","1738.145"
"245","1974","Natural Gas Liquids Production","1687.94"
"246","1975","Natural Gas Liquids Production","1632.762"
"247","1976","Natural Gas Liquids Production","1603.948"
"248","1977","Natural Gas Liquids Production","1617.685"
"249","1978","Natural Gas Liquids Production","1567.359"
"250","1979","Natural Gas Liquids Production","1583.625"
"251","1980","Natural Gas Liquids Production","1573.189"
"252","1981","Natural Gas Liquids Production","1608.548"
"253","1982","Natural Gas Liquids Production","1550.349"
"254","1983","Natural Gas Liquids Production","1558.701"
"255","1984","Natural Gas Liquids Production","1629.719"
"256","1985","Natural Gas Liquids Production","1609.2"
"257","1986","Natural Gas Liquids Production","1550.685"
"258","1987","Natural Gas Liquids Production","1595.318"
"259","1988","Natural Gas Liquids Production","1624.842"
"260","1989","Natural Gas Liquids Production","1545.548"
"261","1990","Natural Gas Liquids Production","1558.901"
"262","1991","Natural Gas Liquids Production","1659.337"
"263","1992","Natural Gas Liquids Production","1697.208"
"264","1993","Natural Gas Liquids Production","1735.666"
"265","1994","Natural Gas Liquids Production","1726.575"
"266","1995","Natural Gas Liquids Production","1762.189"
"267","1996","Natural Gas Liquids Production","1830.109"
"268","1997","Natural Gas Liquids Production","1817.167"
"269","1998","Natural Gas Liquids Production","1759.458"
"270","1999","Natural Gas Liquids Production","1849.644"
"271","2000","Natural Gas Liquids Production","1910.97"
"272","2001","Natural Gas Liquids Production","1868.395"
"273","2002","Natural Gas Liquids Production","1880.241"
"274","2003","Natural Gas Liquids Production","1719.205"
"275","2004","Natural Gas Liquids Production","1809.156"
"276","2005","Natural Gas Liquids Production","1716.995"
"277","2006","Natural Gas Liquids Production","1738.778"
"278","2007","Natural Gas Liquids Production","1782.997"
"279","2008","Natural Gas Liquids Production","1783.667"
"280","2009","Natural Gas Liquids Production","1909.929"
"281","2010","Natural Gas Liquids Production","2074.025"
"282","2011","Natural Gas Liquids Production","2216.068"
"283","2012","Natural Gas Liquids Production","2407.94"
"284","2013","Natural Gas Liquids Production","2605.636"
"285","2014","Natural Gas Liquids Production","3014.515"
"286","2015","Natural Gas Liquids Production","3342.326"
"287","2016","Natural Gas Liquids Production","3509.172"
"288","2017","Natural Gas Liquids Production","3782.745"
"289","2018","Natural Gas Liquids Production","4369.351"
"290","2019","Natural Gas Liquids Production","4824.507"
"291","2020","Natural Gas Liquids Production","5174.574"
"292","2021","Natural Gas Liquids Production","5424.89"
"293","1949","Total Petroleum Field Production","5476.784"
"294","1950","Total Petroleum Field Production","5905.575"
"295","1951","Total Petroleum Field Production","6719.082"
"296","1952","Total Petroleum Field Production","6867.079"
"297","1953","Total Petroleum Field Production","7111.4"
"298","1954","Total Petroleum Field Production","7033.208"
"299","1955","Total Petroleum Field Production","7577.532"
"300","1956","Total Petroleum Field Production","7950.847"
"301","1957","Total Petroleum Field Production","7977.784"
"302","1958","Total Petroleum Field Production","7517.085"
"303","1959","Total Petroleum Field Production","7932.458"
"304","1960","Total Petroleum Field Production","7964.727"
"305","1961","Total Petroleum Field Production","8173.827"
"306","1962","Total Petroleum Field Production","8353.134"
"307","1963","Total Petroleum Field Production","8640.025"
"308","1964","Total Petroleum Field Production","8768.56"
"309","1965","Total Petroleum Field Production","9013.89"
"310","1966","Total Petroleum Field Production","9579.175"
"311","1967","Total Petroleum Field Production","10219.718"
"312","1968","Total Petroleum Field Production","10599.325"
"313","1969","Total Petroleum Field Production","10827.375"
"314","1970","Total Petroleum Field Production","11296.893"
"315","1971","Total Petroleum Field Production","11155.422"
"316","1972","Total Petroleum Field Production","11184.656"
"317","1973","Total Petroleum Field Production","10946.099"
"318","1974","Total Petroleum Field Production","10462.145"
"319","1975","Total Petroleum Field Production","10007.499"
"320","1976","Total Petroleum Field Production","9735.587"
"321","1977","Total Petroleum Field Production","9862.247"
"322","1978","Total Petroleum Field Production","10274.8"
"323","1979","Total Petroleum Field Production","10135.159"
"324","1980","Total Petroleum Field Production","10169.814"
"325","1981","Total Petroleum Field Production","10180.121"
"326","1982","Total Petroleum Field Production","10198.883"
"327","1983","Total Petroleum Field Production","10246.37"
"328","1984","Total Petroleum Field Production","10508.669"
"329","1985","Total Petroleum Field Production","10580.578"
"330","1986","Total Petroleum Field Production","10230.827"
"331","1987","Total Petroleum Field Production","9944.296"
"332","1988","Total Petroleum Field Production","9764.53"
"333","1989","Total Petroleum Field Production","9158.625"
"334","1990","Total Petroleum Field Production","8914.209"
"335","1991","Total Petroleum Field Production","9075.882"
"336","1992","Total Petroleum Field Production","8868.332"
"337","1993","Total Petroleum Field Production","8582.331"
"338","1994","Total Petroleum Field Production","8388.154"
"339","1995","Total Petroleum Field Production","8321.828"
"340","1996","Total Petroleum Field Production","8294.636"
"341","1997","Total Petroleum Field Production","8268.759"
"342","1998","Total Petroleum Field Production","8011.292"
"343","1999","Total Petroleum Field Production","7731.1"
"344","2000","Total Petroleum Field Production","7732.573"
"345","2001","Total Petroleum Field Production","7669.796"
"346","2002","Total Petroleum Field Production","7624.319"
"347","2003","Total Petroleum Field Production","7368.506"
"348","2004","Total Petroleum Field Production","7250.123"
"349","2005","Total Petroleum Field Production","6900.817"
"350","2006","Total Petroleum Field Production","6824.642"
"351","2007","Total Petroleum Field Production","6856.897"
"352","2008","Total Petroleum Field Production","6783.338"
"353","2009","Total Petroleum Field Production","7266.625"
"354","2010","Total Petroleum Field Production","7558.423"
"355","2011","Total Petroleum Field Production","7890.275"
"356","2012","Total Petroleum Field Production","8931.71"
"357","2013","Total Petroleum Field Production","10102.955"
"358","2014","Total Petroleum Field Production","11807.91"
"359","2015","Total Petroleum Field Production","12783.928"
"360","2016","Total Petroleum Field Production","12356.733"
"361","2017","Total Petroleum Field Production","13141.992"
"362","2018","Total Petroleum Field Production","15322.696"
"363","2019","Total Petroleum Field Production","17139.562"
"364","2020","Total Petroleum Field Production","16492.269"
"365","2021","Total Petroleum Field Production","16678.547"
"366","1949","Biofuels Plant Net Production","Not Available"
"367","1950","Biofuels Plant Net Production","Not Available"
"368","1951","Biofuels Plant Net Production","Not Available"
"369","1952","Biofuels Plant Net Production","Not Available"
"370","1953","Biofuels Plant Net Production","Not Available"
"371","1954","Biofuels Plant Net Production","Not Available"
"372","1955","Biofuels Plant Net Production","Not Available"
"373","1956","Biofuels Plant Net Production","Not Available"
"374","1957","Biofuels Plant Net Production","Not Available"
"375","1958","Biofuels Plant Net Production","Not Available"
"376","1959","Biofuels Plant Net Production","Not Available"
"377","1960","Biofuels Plant Net Production","Not Available"
"378","1961","Biofuels Plant Net Production","Not Available"
"379","1962","Biofuels Plant Net Production","Not Available"
"380","1963","Biofuels Plant Net Production","Not Available"
"381","1964","Biofuels Plant Net Production","Not Available"
"382","1965","Biofuels Plant Net Production","Not Available"
"383","1966","Biofuels Plant Net Production","Not Available"
"384","1967","Biofuels Plant Net Production","Not Available"
"385","1968","Biofuels Plant Net Production","Not Available"
"386","1969","Biofuels Plant Net Production","Not Available"
"387","1970","Biofuels Plant Net Production","Not Available"
"388","1971","Biofuels Plant Net Production","Not Available"
"389","1972","Biofuels Plant Net Production","Not Available"
"390","1973","Biofuels Plant Net Production","Not Available"
"391","1974","Biofuels Plant Net Production","Not Available"
"392","1975","Biofuels Plant Net Production","Not Available"
"393","1976","Biofuels Plant Net Production","Not Available"
"394","1977","Biofuels Plant Net Production","Not Available"
"395","1978","Biofuels Plant Net Production","Not Available"
"396","1979","Biofuels Plant Net Production","Not Available"
"397","1980","Biofuels Plant Net Production","Not Available"
"398","1981","Biofuels Plant Net Production","Not Available"
"399","1982","Biofuels Plant Net Production","Not Available"
"400","1983","Biofuels Plant Net Production","Not Available"
"401","1984","Biofuels Plant Net Production","Not Available"
"402","1985","Biofuels Plant Net Production","Not Available"
"403","1986","Biofuels Plant Net Production","Not Available"
"404","1987","Biofuels Plant Net Production","Not Available"
"405","1988","Biofuels Plant Net Production","Not Available"
"406","1989","Biofuels Plant Net Production","Not Available"
"407","1990","Biofuels Plant Net Production","Not Available"
"408","1991","Biofuels Plant Net Production","Not Available"
"409","1992","Biofuels Plant Net Production","Not Available"
"410","1993","Biofuels Plant Net Production","Not Available"
"411","1994","Biofuels Plant Net Production","Not Available"
"412","1995","Biofuels Plant Net Production","Not Available"
"413","1996","Biofuels Plant Net Production","Not Available"
"414","1997","Biofuels Plant Net Production","Not Available"
"415","1998","Biofuels Plant Net Production","Not Available"
"416","1999","Biofuels Plant Net Production","Not Available"
"417","2000","Biofuels Plant Net Production","Not Available"
"418","2001","Biofuels Plant Net Production","Not Available"
"419","2002","Biofuels Plant Net Production","Not Available"
"420","2003","Biofuels Plant Net Production","Not Available"
"421","2004","Biofuels Plant Net Production","Not Available"
"422","2005","Biofuels Plant Net Production","Not Available"
"423","2006","Biofuels Plant Net Production","Not Available"
"424","2007","Biofuels Plant Net Production","Not Available"
"425","2008","Biofuels Plant Net Production","Not Available"
"426","2009","Biofuels Plant Net Production","746.208"
"427","2010","Biofuels Plant Net Production","906.542"
"428","2011","Biofuels Plant Net Production","1015.65"
"429","2012","Biofuels Plant Net Production","963.894"
"430","2013","Biofuels Plant Net Production","1002.455"
"431","2014","Biofuels Plant Net Production","1054.643"
"432","2015","Biofuels Plant Net Production","1095.038"
"433","2016","Biofuels Plant Net Production","1158.483"
"434","2017","Biofuels Plant Net Production","1197.619"
"435","2018","Biofuels Plant Net Production","1233.816"
"436","2019","Biofuels Plant Net Production","1125.065"
"437","2020","Biofuels Plant Net Production","1008.861"
"438","2021","Biofuels Plant Net Production","1136.047"
"439","1949","Petroleum Processing Gain","-1.603"
"440","1950","Petroleum Processing Gain","1.951"
"441","1951","Petroleum Processing Gain","7.255"
"442","1952","Petroleum Processing Gain","6.973"
"443","1953","Petroleum Processing Gain","19.682"
"444","1954","Petroleum Processing Gain","23.2"
"445","1955","Petroleum Processing Gain","33.852"
"446","1956","Petroleum Processing Gain","42.907"
"447","1957","Petroleum Processing Gain","41.532"
"448","1958","Petroleum Processing Gain","63.54"
"449","1959","Petroleum Processing Gain","86.326"
"450","1960","Petroleum Processing Gain","145.579"
"451","1961","Petroleum Processing Gain","179.258"
"452","1962","Petroleum Processing Gain","175.071"
"453","1963","Petroleum Processing Gain","201.945"
"454","1964","Petroleum Processing Gain","216.762"
"455","1965","Petroleum Processing Gain","219.838"
"456","1966","Petroleum Processing Gain","245.301"
"457","1967","Petroleum Processing Gain","292.033"
"458","1968","Petroleum Processing Gain","318.828"
"459","1969","Petroleum Processing Gain","335.375"
"460","1970","Petroleum Processing Gain","359.047"
"461","1971","Petroleum Processing Gain","382.008"
"462","1972","Petroleum Processing Gain","388.418"
"463","1973","Petroleum Processing Gain","453.392"
"464","1974","Petroleum Processing Gain","480.151"
"465","1975","Petroleum Processing Gain","459.677"
"466","1976","Petroleum Processing Gain","477.254"
"467","1977","Petroleum Processing Gain","524.425"
"468","1978","Petroleum Processing Gain","496.392"
"469","1979","Petroleum Processing Gain","527.225"
"470","1980","Petroleum Processing Gain","597.314"
"471","1981","Petroleum Processing Gain","507.699"
"472","1982","Petroleum Processing Gain","530.608"
"473","1983","Petroleum Processing Gain","487.762"
"474","1984","Petroleum Processing Gain","553.44"
"475","1985","Petroleum Processing Gain","557.378"
"476","1986","Petroleum Processing Gain","616.247"
"477","1987","Petroleum Processing Gain","639.082"
"478","1988","Petroleum Processing Gain","655.082"
"479","1989","Petroleum Processing Gain","661.411"
"480","1990","Petroleum Processing Gain","683.238"
"481","1991","Petroleum Processing Gain","714.962"
"482","1992","Petroleum Processing Gain","771.932"
"483","1993","Petroleum Processing Gain","766.337"
"484","1994","Petroleum Processing Gain","768.005"
"485","1995","Petroleum Processing Gain","774.296"
"486","1996","Petroleum Processing Gain","837.276"
"487","1997","Petroleum Processing Gain","849.529"
"488","1998","Petroleum Processing Gain","886.156"
"489","1999","Petroleum Processing Gain","886.274"
"490","2000","Petroleum Processing Gain","947.792"
"491","2001","Petroleum Processing Gain","903.186"
"492","2002","Petroleum Processing Gain","956.562"
"493","2003","Petroleum Processing Gain","974.088"
"494","2004","Petroleum Processing Gain","1051.087"
"495","2005","Petroleum Processing Gain","989.4"
"496","2006","Petroleum Processing Gain","994"
"497","2007","Petroleum Processing Gain","995.696"
"498","2008","Petroleum Processing Gain","992.896"
"499","2009","Petroleum Processing Gain","978.564"
"500","2010","Petroleum Processing Gain","1067.658"
"501","2011","Petroleum Processing Gain","1076.384"
"502","2012","Petroleum Processing Gain","1059.328"
"503","2013","Petroleum Processing Gain","1086.666"
"504","2014","Petroleum Processing Gain","1080.515"
"505","2015","Petroleum Processing Gain","1061.945"
"506","2016","Petroleum Processing Gain","1117.97"
"507","2017","Petroleum Processing Gain","1111.266"
"508","2018","Petroleum Processing Gain","1138.118"
"509","2019","Petroleum Processing Gain","1068.849"
"510","2020","Petroleum Processing Gain","922.869"
"511","2021","Petroleum Processing Gain","955.679"
"512","1949","Petroleum Imports","645.367"
"513","1950","Petroleum Imports","850.03"
"514","1951","Petroleum Imports","844.367"
"515","1952","Petroleum Imports","952.205"
"516","1953","Petroleum Imports","1034.244"
"517","1954","Petroleum Imports","1051.932"
"518","1955","Petroleum Imports","1248.121"
"519","1956","Petroleum Imports","1436.041"
"520","1957","Petroleum Imports","1574.216"
"521","1958","Petroleum Imports","1700.244"
"522","1959","Petroleum Imports","1779.679"
"523","1960","Petroleum Imports","1814.511"
"524","1961","Petroleum Imports","1916.893"
"525","1962","Petroleum Imports","2081.625"
"526","1963","Petroleum Imports","2122.501"
"527","1964","Petroleum Imports","2258.842"
"528","1965","Petroleum Imports","2467.868"
"529","1966","Petroleum Imports","2573.047"
"530","1967","Petroleum Imports","2536.962"
"531","1968","Petroleum Imports","2839.806"
"532","1969","Petroleum Imports","3165.893"
"533","1970","Petroleum Imports","3419.348"
"534","1971","Petroleum Imports","3925.699"
"535","1972","Petroleum Imports","4741.295"
"536","1973","Petroleum Imports","6256.145"
"537","1974","Petroleum Imports","6112.184"
"538","1975","Petroleum Imports","6055.712"
"539","1976","Petroleum Imports","7312.598"
"540","1977","Petroleum Imports","8807.249"
"541","1978","Petroleum Imports","8363.411"
"542","1979","Petroleum Imports","8456.129"
"543","1980","Petroleum Imports","6909.025"
"544","1981","Petroleum Imports","5995.673"
"545","1982","Petroleum Imports","5113.311"
"546","1983","Petroleum Imports","5051.353"
"547","1984","Petroleum Imports","5436.982"
"548","1985","Petroleum Imports","5067.144"
"549","1986","Petroleum Imports","6223.512"
"550","1987","Petroleum Imports","6677.696"
"551","1988","Petroleum Imports","7402.021"
"552","1989","Petroleum Imports","8060.545"
"553","1990","Petroleum Imports","8017.521"
"554","1991","Petroleum Imports","7626.748"
"555","1992","Petroleum Imports","7887.697"
"556","1993","Petroleum Imports","8620.422"
"557","1994","Petroleum Imports","8996.222"
"558","1995","Petroleum Imports","8834.94"
"559","1996","Petroleum Imports","9478.492"
"560","1997","Petroleum Imports","10161.562"
"561","1998","Petroleum Imports","10708.071"
"562","1999","Petroleum Imports","10852.258"
"563","2000","Petroleum Imports","11459.251"
"564","2001","Petroleum Imports","11871.337"
"565","2002","Petroleum Imports","11530.241"
"566","2003","Petroleum Imports","12264.386"
"567","2004","Petroleum Imports","13145.093"
"568","2005","Petroleum Imports","13713.811"
"569","2006","Petroleum Imports","13707.074"
"570","2007","Petroleum Imports","13468.375"
"571","2008","Petroleum Imports","12915.284"
"572","2009","Petroleum Imports","11690.712"
"573","2010","Petroleum Imports","11793.241"
"574","2011","Petroleum Imports","11436.192"
"575","2012","Petroleum Imports","10597.956"
"576","2013","Petroleum Imports","9858.778"
"577","2014","Petroleum Imports","9240.833"
"578","2015","Petroleum Imports","9448.586"
"579","2016","Petroleum Imports","10055.265"
"580","2017","Petroleum Imports","10144.219"
"581","2018","Petroleum Imports","9942.581"
"582","2019","Petroleum Imports","9141.268"
"583","2020","Petroleum Imports","7863.087"
"584","2021","Petroleum Imports","8473.912"
"585","1949","Petroleum Exports","327.058"
"586","1950","Petroleum Exports","304.948"
"587","1951","Petroleum Exports","422.06"
"588","1952","Petroleum Exports","432.208"
"589","1953","Petroleum Exports","401.619"
"590","1954","Petroleum Exports","355.433"
"591","1955","Petroleum Exports","367.638"
"592","1956","Petroleum Exports","430.016"
"593","1957","Petroleum Exports","567.636"
"594","1958","Petroleum Exports","275.721"
"595","1959","Petroleum Exports","211.142"
"596","1960","Petroleum Exports","201.929"
"597","1961","Petroleum Exports","174.145"
"598","1962","Petroleum Exports","168.192"
"599","1963","Petroleum Exports","207.984"
"600","1964","Petroleum Exports","201.855"
"601","1965","Petroleum Exports","187.09"
"602","1966","Petroleum Exports","198.356"
"603","1967","Petroleum Exports","307.014"
"604","1968","Petroleum Exports","230.995"
"605","1969","Petroleum Exports","232.562"
"606","1970","Petroleum Exports","258.789"
"607","1971","Petroleum Exports","224.233"
"608","1972","Petroleum Exports","222.374"
"609","1973","Petroleum Exports","231.268"
"610","1974","Petroleum Exports","220.523"
"611","1975","Petroleum Exports","209.392"
"612","1976","Petroleum Exports","222.948"
"613","1977","Petroleum Exports","242.707"
"614","1978","Petroleum Exports","361.8"
"615","1979","Petroleum Exports","470.838"
"616","1980","Petroleum Exports","544.415"
"617","1981","Petroleum Exports","594.583"
"618","1982","Petroleum Exports","815.105"
"619","1983","Petroleum Exports","739.326"
"620","1984","Petroleum Exports","721.521"
"621","1985","Petroleum Exports","781.01"
"622","1986","Petroleum Exports","784.584"
"623","1987","Petroleum Exports","763.648"
"624","1988","Petroleum Exports","815.481"
"625","1989","Petroleum Exports","858.793"
"626","1990","Petroleum Exports","856.634"
"627","1991","Petroleum Exports","1000.935"
"628","1992","Petroleum Exports","949.683"
"629","1993","Petroleum Exports","1002.67"
"630","1994","Petroleum Exports","942.18"
"631","1995","Petroleum Exports","949.252"
"632","1996","Petroleum Exports","980.593"
"633","1997","Petroleum Exports","1003.447"
"634","1998","Petroleum Exports","944.54"
"635","1999","Petroleum Exports","939.773"
"636","2000","Petroleum Exports","1040.191"
"637","2001","Petroleum Exports","971.014"
"638","2002","Petroleum Exports","983.773"
"639","2003","Petroleum Exports","1026.597"
"640","2004","Petroleum Exports","1048.18"
"641","2005","Petroleum Exports","1164.903"
"642","2006","Petroleum Exports","1316.606"
"643","2007","Petroleum Exports","1432.546"
"644","2008","Petroleum Exports","1801.617"
"645","2009","Petroleum Exports","2024.119"
"646","2010","Petroleum Exports","2352.56"
"647","2011","Petroleum Exports","2985.884"
"648","2012","Petroleum Exports","3204.823"
"649","2013","Petroleum Exports","3621.335"
"650","2014","Petroleum Exports","4175.809"
"651","2015","Petroleum Exports","4738.022"
"652","2016","Petroleum Exports","5260.571"
"653","2017","Petroleum Exports","6375.769"
"654","2018","Petroleum Exports","7601.236"
"655","2019","Petroleum Exports","8471.424"
"656","2020","Petroleum Exports","8497.954"
"657","2021","Petroleum Exports","8535.789"
"658","1949","Petroleum Net Imports","318.31"
"659","1950","Petroleum Net Imports","545.082"
"660","1951","Petroleum Net Imports","422.307"
"661","1952","Petroleum Net Imports","519.997"
"662","1953","Petroleum Net Imports","632.625"
"663","1954","Petroleum Net Imports","696.499"
"664","1955","Petroleum Net Imports","880.482"
"665","1956","Petroleum Net Imports","1006.025"
"666","1957","Petroleum Net Imports","1006.581"
"667","1958","Petroleum Net Imports","1424.523"
"668","1959","Petroleum Net Imports","1568.537"
"669","1960","Petroleum Net Imports","1612.582"
"670","1961","Petroleum Net Imports","1742.748"
"671","1962","Petroleum Net Imports","1913.433"
"672","1963","Petroleum Net Imports","1914.518"
"673","1964","Petroleum Net Imports","2056.986"
"674","1965","Petroleum Net Imports","2280.778"
"675","1966","Petroleum Net Imports","2374.69"
"676","1967","Petroleum Net Imports","2229.948"
"677","1968","Petroleum Net Imports","2608.811"
"678","1969","Petroleum Net Imports","2933.332"
"679","1970","Petroleum Net Imports","3160.559"
"680","1971","Petroleum Net Imports","3701.466"
"681","1972","Petroleum Net Imports","4518.921"
"682","1973","Petroleum Net Imports","6024.877"
"683","1974","Petroleum Net Imports","5891.66"
"684","1975","Petroleum Net Imports","5846.321"
"685","1976","Petroleum Net Imports","7089.65"
"686","1977","Petroleum Net Imports","8564.542"
"687","1978","Petroleum Net Imports","8001.611"
"688","1979","Petroleum Net Imports","7985.29"
"689","1980","Petroleum Net Imports","6364.609"
"690","1981","Petroleum Net Imports","5401.09"
"691","1982","Petroleum Net Imports","4298.206"
"692","1983","Petroleum Net Imports","4312.027"
"693","1984","Petroleum Net Imports","4715.461"
"694","1985","Petroleum Net Imports","4286.134"
"695","1986","Petroleum Net Imports","5438.927"
"696","1987","Petroleum Net Imports","5914.048"
"697","1988","Petroleum Net Imports","6586.54"
"698","1989","Petroleum Net Imports","7201.752"
"699","1990","Petroleum Net Imports","7160.887"
"700","1991","Petroleum Net Imports","6625.813"
"701","1992","Petroleum Net Imports","6938.014"
"702","1993","Petroleum Net Imports","7617.752"
"703","1994","Petroleum Net Imports","8054.042"
"704","1995","Petroleum Net Imports","7885.689"
"705","1996","Petroleum Net Imports","8497.9"
"706","1997","Petroleum Net Imports","9158.115"
"707","1998","Petroleum Net Imports","9763.532"
"708","1999","Petroleum Net Imports","9912.486"
"709","2000","Petroleum Net Imports","10419.061"
"710","2001","Petroleum Net Imports","10900.323"
"711","2002","Petroleum Net Imports","10546.468"
"712","2003","Petroleum Net Imports","11237.789"
"713","2004","Petroleum Net Imports","12096.913"
"714","2005","Petroleum Net Imports","12548.908"
"715","2006","Petroleum Net Imports","12390.468"
"716","2007","Petroleum Net Imports","12035.83"
"717","2008","Petroleum Net Imports","11113.667"
"718","2009","Petroleum Net Imports","9666.594"
"719","2010","Petroleum Net Imports","9440.681"
"720","2011","Petroleum Net Imports","8450.308"
"721","2012","Petroleum Net Imports","7393.134"
"722","2013","Petroleum Net Imports","6237.443"
"723","2014","Petroleum Net Imports","5065.024"
"724","2015","Petroleum Net Imports","4710.565"
"725","2016","Petroleum Net Imports","4794.694"
"726","2017","Petroleum Net Imports","3768.45"
"727","2018","Petroleum Net Imports","2341.344"
"728","2019","Petroleum Net Imports","669.844"
"729","2020","Petroleum Net Imports","-634.866"
"730","2021","Petroleum Net Imports","-61.877"
"731","1949","Petroleum Stock Change","-7.814"
"732","1950","Petroleum Stock Change","-55.915"
"733","1951","Petroleum Stock Change","101.345"
"734","1952","Petroleum Stock Change","108.32"
"735","1953","Petroleum Stock Change","141.789"
"736","1954","Petroleum Stock Change","-28.97"
"737","1955","Petroleum Stock Change","-0.203"
"738","1956","Petroleum Stock Change","179.049"
"739","1957","Petroleum Stock Change","166.921"
"740","1958","Petroleum Stock Change","-140.027"
"741","1959","Petroleum Stock Change","50.737"
"742","1960","Petroleum Stock Change","-82.609"
"743","1961","Petroleum Stock Change","111.003"
"744","1962","Petroleum Stock Change","32.315"
"745","1963","Petroleum Stock Change","3.46"
"746","1964","Petroleum Stock Change","10.044"
"747","1965","Petroleum Stock Change","-7.921"
"748","1966","Petroleum Stock Change","104.441"
"749","1967","Petroleum Stock Change","172.619"
"750","1968","Petroleum Stock Change","151.533"
"751","1969","Petroleum Stock Change","-47.805"
"752","1970","Petroleum Stock Change","103.392"
"753","1971","Petroleum Stock Change","71.468"
"754","1972","Petroleum Stock Change","-232.153"
"755","1973","Petroleum Stock Change","135.145"
"756","1974","Petroleum Stock Change","179.011"
"757","1975","Petroleum Stock Change","32.436"
"758","1976","Petroleum Stock Change","-57.773"
"759","1977","Petroleum Stock Change","548.192"
"760","1978","Petroleum Stock Change","-93.921"
"761","1979","Petroleum Stock Change","173.268"
"762","1980","Petroleum Stock Change","139.661"
"763","1981","Petroleum Stock Change","159.992"
"764","1982","Petroleum Stock Change","-147.189"
"765","1983","Petroleum Stock Change","-20.06"
"766","1984","Petroleum Stock Change","280.301"
"767","1985","Petroleum Stock Change","-102.625"
"768","1986","Petroleum Stock Change","202.036"
"769","1987","Petroleum Stock Change","40.929"
"770","1988","Petroleum Stock Change","-27.921"
"771","1989","Petroleum Stock Change","-43.323"
"772","1990","Petroleum Stock Change","107.436"
"773","1991","Petroleum Stock Change","-10.079"
"774","1992","Petroleum Stock Change","-68.251"
"775","1993","Petroleum Stock Change","151.356"
"776","1994","Petroleum Stock Change","15.249"
"777","1995","Petroleum Stock Change","-246.392"
"778","1996","Petroleum Stock Change","-151.464"
"779","1997","Petroleum Stock Change","143.405"
"780","1998","Petroleum Stock Change","238.948"
"781","1999","Petroleum Stock Change","-422.038"
"782","2000","Petroleum Stock Change","-69.355"
"783","2001","Petroleum Stock Change","325.485"
"784","2002","Petroleum Stock Change","-105.312"
"785","2003","Petroleum Stock Change","55.871"
"786","2004","Petroleum Stock Change","209.022"
"787","2005","Petroleum Stock Change","145.592"
"788","2006","Petroleum Stock Change","58.899"
"789","2007","Petroleum Stock Change","-151.825"
"790","2008","Petroleum Stock Change","195.385"
"791","2009","Petroleum Stock Change","107.375"
"792","2010","Petroleum Stock Change","42.082"
"793","2011","Petroleum Stock Change","-137.891"
"794","2012","Petroleum Stock Change","151.163"
"795","2013","Petroleum Stock Change","-138.476"
"796","2014","Petroleum Stock Change","266.893"
"797","2015","Petroleum Stock Change","430.87"
"798","2016","Petroleum Stock Change","125.253"
"799","2017","Petroleum Stock Change","-364.068"
"800","2018","Petroleum Stock Change","44.045"
"801","2019","Petroleum Stock Change","28.275"
"802","2020","Petroleum Stock Change","176.467"
"803","2021","Petroleum Stock Change","-526.573"
"804","1949","Petroleum Adjustments","-38.266"
"805","1950","Petroleum Adjustments","-50.605"
"806","1951","Petroleum Adjustments","-31.167"
"807","1952","Petroleum Adjustments","-16.112"
"808","1953","Petroleum Adjustments","-22.29"
"809","1954","Petroleum Adjustments","-25.844"
"810","1955","Petroleum Adjustments","-36.721"
"811","1956","Petroleum Adjustments","-45.53"
"812","1957","Petroleum Adjustments","-49.964"
"813","1958","Petroleum Adjustments","-27.386"
"814","1959","Petroleum Adjustments","-10.082"
"815","1960","Petroleum Adjustments","-8.175"
"816","1961","Petroleum Adjustments","-8.721"
"817","1962","Petroleum Adjustments","-9.244"
"818","1963","Petroleum Adjustments","-9.564"
"819","1964","Petroleum Adjustments","-9.762"
"820","1965","Petroleum Adjustments","-9.992"
"821","1966","Petroleum Adjustments","-10.353"
"822","1967","Petroleum Adjustments","-8.734"
"823","1968","Petroleum Adjustments","17.434"
"824","1969","Petroleum Adjustments","-7.093"
"825","1970","Petroleum Adjustments","-15.921"
"826","1971","Petroleum Adjustments","45.066"
"827","1972","Petroleum Adjustments","42.836"
"828","1973","Petroleum Adjustments","18.458"
"829","1974","Petroleum Adjustments","-2.236"
"830","1975","Petroleum Adjustments","40.899"
"831","1976","Petroleum Adjustments","100.801"
"832","1977","Petroleum Adjustments","28.397"
"833","1978","Petroleum Adjustments","-20.101"
"834","1979","Petroleum Adjustments","38.134"
"835","1980","Petroleum Adjustments","63.784"
"836","1981","Petroleum Adjustments","128.779"
"837","1982","Petroleum Adjustments","120.837"
"838","1983","Petroleum Adjustments","164.915"
"839","1984","Petroleum Adjustments","228.345"
"840","1985","Petroleum Adjustments","199.704"
"841","1986","Petroleum Adjustments","196.661"
"842","1987","Petroleum Adjustments","208.548"
"843","1988","Petroleum Adjustments","249.237"
"844","1989","Petroleum Adjustments","260.042"
"845","1990","Petroleum Adjustments","337.598"
"846","1991","Petroleum Adjustments","287.099"
"847","1992","Petroleum Adjustments","386.325"
"848","1993","Petroleum Adjustments","421.667"
"849","1994","Petroleum Adjustments","523.206"
"850","1995","Petroleum Adjustments","496.385"
"851","1996","Petroleum Adjustments","527.63"
"852","1997","Petroleum Adjustments","487.306"
"853","1998","Petroleum Adjustments","495.108"
"854","1999","Petroleum Adjustments","567.439"
"855","2000","Petroleum Adjustments","532.294"
"856","2001","Petroleum Adjustments","500.887"
"857","2002","Petroleum Adjustments","528.643"
"858","2003","Petroleum Adjustments","508.996"
"859","2004","Petroleum Adjustments","542.049"
"860","2005","Petroleum Adjustments","508.629"
"861","2006","Petroleum Adjustments","537.206"
"862","2007","Petroleum Adjustments","640.131"
"863","2008","Petroleum Adjustments","803.448"
"864","2009","Petroleum Adjustments","220.784"
"865","2010","Petroleum Adjustments","246.315"
"866","2011","Petroleum Adjustments","324.998"
"867","2012","Petroleum Adjustments","285.45"
"868","2013","Petroleum Adjustments","398.523"
"869","2014","Petroleum Adjustments","359.266"
"870","2015","Petroleum Adjustments","311.026"
"871","2016","Petroleum Adjustments","389.271"
"872","2017","Petroleum Adjustments","368.529"
"873","2018","Petroleum Adjustments","519.659"
"874","2019","Petroleum Adjustments","567.81"
"875","2020","Petroleum Adjustments","573.244"
"876","2021","Petroleum Adjustments","654.91"
"877","1949","Petroleum Products Supplied","5763.038"
"878","1950","Petroleum Products Supplied","6457.918"
"879","1951","Petroleum Products Supplied","7016.132"
"880","1952","Petroleum Products Supplied","7269.617"
"881","1953","Petroleum Products Supplied","7599.627"
"882","1954","Petroleum Products Supplied","7756.033"
"883","1955","Petroleum Products Supplied","8455.348"
"884","1956","Petroleum Products Supplied","8775.199"
"885","1957","Petroleum Products Supplied","8809.011"
"886","1958","Petroleum Products Supplied","9117.789"
"887","1959","Petroleum Products Supplied","9526.501"
"888","1960","Petroleum Products Supplied","9797.322"
"889","1961","Petroleum Products Supplied","9976.11"
"890","1962","Petroleum Products Supplied","10400.079"
"891","1963","Petroleum Products Supplied","10743.463"
"892","1964","Petroleum Products Supplied","11022.503"
"893","1965","Petroleum Products Supplied","11512.436"
"894","1966","Petroleum Products Supplied","12084.373"
"895","1967","Petroleum Products Supplied","12560.345"
"896","1968","Petroleum Products Supplied","13392.866"
"897","1969","Petroleum Products Supplied","14136.795"
"898","1970","Petroleum Products Supplied","14697.186"
"899","1971","Petroleum Products Supplied","15212.493"
"900","1972","Petroleum Products Supplied","16366.984"
"901","1973","Petroleum Products Supplied","17307.679"
"902","1974","Petroleum Products Supplied","16652.71"
"903","1975","Petroleum Products Supplied","16321.959"
"904","1976","Petroleum Products Supplied","17461.066"
"905","1977","Petroleum Products Supplied","18431.419"
"906","1978","Petroleum Products Supplied","18846.622"
"907","1979","Petroleum Products Supplied","18512.54"
"908","1980","Petroleum Products Supplied","17055.861"
"909","1981","Petroleum Products Supplied","16057.696"
"910","1982","Petroleum Products Supplied","15295.72"
"911","1983","Petroleum Products Supplied","15231.134"
"912","1984","Petroleum Products Supplied","15725.615"
"913","1985","Petroleum Products Supplied","15726.418"
"914","1986","Petroleum Products Supplied","16280.627"
"915","1987","Petroleum Products Supplied","16665.046"
"916","1988","Petroleum Products Supplied","17283.31"
"917","1989","Petroleum Products Supplied","17325.153"
"918","1990","Petroleum Products Supplied","16988.496"
"919","1991","Petroleum Products Supplied","16713.836"
"920","1992","Petroleum Products Supplied","17032.855"
"921","1993","Petroleum Products Supplied","17236.731"
"922","1994","Petroleum Products Supplied","17718.159"
"923","1995","Petroleum Products Supplied","17724.589"
"924","1996","Petroleum Products Supplied","18308.904"
"925","1997","Petroleum Products Supplied","18620.304"
"926","1998","Petroleum Products Supplied","18917.14"
"927","1999","Petroleum Products Supplied","19519.337"
"928","2000","Petroleum Products Supplied","19701.077"
"929","2001","Petroleum Products Supplied","19648.707"
"930","2002","Petroleum Products Supplied","19761.304"
"931","2003","Petroleum Products Supplied","20033.507"
"932","2004","Petroleum Products Supplied","20731.15"
"933","2005","Petroleum Products Supplied","20802.162"
"934","2006","Petroleum Products Supplied","20687.418"
"935","2007","Petroleum Products Supplied","20680.378"
"936","2008","Petroleum Products Supplied","19497.964"
"937","2009","Petroleum Products Supplied","18771.4"
"938","2010","Petroleum Products Supplied","19177.537"
"939","2011","Petroleum Products Supplied","18895.505"
"940","2012","Petroleum Products Supplied","18482.353"
"941","2013","Petroleum Products Supplied","18966.518"
"942","2014","Petroleum Products Supplied","19100.466"
"943","2015","Petroleum Products Supplied","19531.632"
"944","2016","Petroleum Products Supplied","19691.898"
"945","2017","Petroleum Products Supplied","19951.924"
"946","2018","Petroleum Products Supplied","20511.589"
"947","2019","Petroleum Products Supplied","20542.854"
"948","2020","Petroleum Products Supplied","18185.909"
"949","2021","Petroleum Products Supplied","19889.88"
